Yes sadly we all do LOL. Kill the bills is my moto,negative
I swear some of y'all be living for the clout... Clout don't pay the bills,negative
Hey why is my family literally fucking insane and always on my case when all I do is work and help pay the fucking bills,negative
Next up on Frugal Girls: Top Ten Cutest Ways to Burn $100 Bills https:// twitter.com/frugalgirls/st atus/895410009047146496 …,negative
You're paying for my medical bills,positive
Young BILLS https:// twitter.com/mixtapekevin/s tatus/895367423083335680 …,positive
Wouldn't it be nice if we received a residual check every month that paid all those residual bills ? #bitcoin,negative
Between those crutches & medical bills -probably cost more than a remodel!,positive
I'm raising money for Fargo's Medical Bills . Click to Donate: http:// tw.gofund.me/fargos-medical -bills&pc=tw_co_share_m&rcid=r01-150233344535-d2c9cb4f364842ed … via '@gofundme,negative
Gostei de um vídeo '@YouTube http:// youtu.be/XqNJ1xApIAk?aD esenhei … o Bills /Beerus! DESCUBRA o resultado! Speedart Dragon Ball Super!,negative
Niggas got bills,negative
Young bills https:// twitter.com/mixtapekevin/s tatus/895367423083335680 …,positive
"I just can't stand a nigga that wanna talk"" lay up and shit. Bitch I got bills . I can't pay Ga Power in pussy/head. Bye Stank""",negative
you understand that the president doesn't SUBMIT bills ? LOL. President only signs after they are PASSED. https://www. youtube.com/watch?v=tyeJ55 o3El0 …,negative
HR 327 - Commending Anne Marie Afflerbach for her service on the Sanger Independent School District Board... http://www. legis.state.tx.us/BillLookup/His tory.aspx?LegSess=851&Bill=HR327 … #txlege,negative
When you and babe both paid y'all bills on time and now y'all can eat good the rest of the week pic.twitter.com/XFcduH8Els,negative
"I understand the whole we started this together"" thing but whose name is on the lease? Who pays the bills ? #BlackInkChicago pic.twitter.com/9R2GMBU7HG""",negative
At job number two. Have to make this money asap.... Bills and more Bills !!!! The story of my life.,negative
@csydelko will you RT this I thought my cat had diabetes and now I have to pay all the medical bills and starve … https://lind seyclawsonphotographer.shootproof.com/gallery/travel s/ …,negative
.....because is not about that life. I got bills to pay,positive
"But it's so frustrating! Like you need to work on getting a good credit score or else you get screwed on pretty much anything, bills , work",negative
$157? I think I'll donate the $157 toward that spinning black hole known as monthly bills .,negative
Why aren't these bills apple pie to the Dems? Because they are in the pockets of big donors! https:// twitter.com/ourrevolution/ status/892787393723588610 …,negative
We Support New York's Anti-Declaw Bills A595 and S3376! https://www. change.org/en-GB/petition s/support-new-york-s-anti-declaw-bill-a595-rosenthal … pic.twitter.com/WMQMWj3UW2,negative
Looking for money to pay your school bills ? We'd love to help https://www. simpletuition.com/landing/201609 14_l.html?brnd=kickfactory&WT.mc_id=10328257&trackingId=KF-SF&kf_tnl=ZLVJYDPBK35UW9CSQ217E46F8 … ^VE,negative
Pays the bills and earns the skills besides there were free drinks,negative
"25 would be better, finished college and have to work in the real world and pay their own bills #epiphany",positive
I have to those bills be coming in way too fast,positive
You do what u gotta do to pay your bills,negative
ISO: a sugar daddy who likes paying bills (must be okay with getting 0 (zERO) sugar),positive
I can't believe you're leaving us for the Bills https:// twitter.com/kmart_bn/statu s/895445116881707008 …,positive
"If this were about lowering property tax bills , the focus would be school finance and unfunded mandates. #txlege https://www. tribtalk.org/2017/07/21/shu tting-down-unfunded-mandates-the-states-no-limit-credit-card/ …",negative
"So - quit talking and get it done.And while you're at it, get Health Care done. Or - get out of DC. Promises don't pay damn bills . https:// twitter.com/WaysandMeansGO P/status/895020534802591745 …",negative
I hate having to spend money on bills ugh,negative
Recieved a friendly suggestion dropping bills on tats is better than the cheapest ish,positive
I live in Colorado and can smoke weed and buy weed at the store but bills need to be paid... kind of depressing if you ask me,negative
"In a first, two transgender rights bills introduced in Pakistan Parliament https:// goo.gl/PhpgZk via '@NewIndianXpress",negative
"UR RIGHT ALOT OF SIGNING THAT MEANS NOTHING JUST PHOTO OPS NO TANGIBLE BILLS TO HELP OUR ECONOMY/ALOT OF LIES,BULLYING,GOLF ETC",negative
"Lol I do it for money, cuz I have family, bills , & goals. & I get paid for what I do well. Otherwise I'd spend my time reading RFCs all day",negative
WORKING TRYING TO KEEP THE BILLS PAID!!! REAL SPILL!!! #pic #picoftheday #logo #president … https://www. instagram.com/p/BXmMrvylqYN/,negative
I could only dream of not having to pay my own bills & having everything handed to me. Some of y'all have it so good & still act a brat.,negative
The great part for me is the campaign donors are footing the legal bills . I'm sure that's where they wanted their money spent. https:// twitter.com/kylegriffin1/s tatus/895441848088629248 …,negative
Metería a Omega por el link GT y sacaría a Bills,negative
exactly. with lots more bills to come.,negative
College advisor: you're going to need to quit your job or cut down your hours Me: are you gonna pay my bills ?????,negative
What was wild bills last name guess,positive
And also i will start giving a shit about what ppl think of me when you pay my bills,negative
Would be awesome 2 hear this about a bills QB but bills fans live in denial and blow this report off when will we wake up and draft a QB!!,negative
https:// youtu.be/uCmT0d1ABF4 I bet he closed his eyes. I was more surprised by this completion than Nick folk drilling that 53 yarder agt bills,positive
"View '@patpaule <The CA & NY bills distinguished between single-payer & single-provider, but some folks don't. See: http://www. chicagotribune.com/news/opinion/l etters/ct-charlie-gard-single-payer-britain-20170706-story.html …",negative
Bills racking up like crazy but God is still good.,negative
Where is your outrage over Bills speaking fees in exchange for uranium deal? Or outrage over her destroying evidence. #doublestandard,negative
BILLS ON ME BLUE UH-HUH LIKE A BRUISE UH-HUH BETTER YET UH-HUH BLUES CLUES!!!!,negative
"Of his depth so he let's others write the bills , he hasn't even tried to help, war will be the same way. He's smart enough to know he's dumb",positive
Feeling the heat this winter? Did you know Energy Compare can help you save money on your energy bills ? http:// bit.ly/2uxEENB pic.twitter.com/BUrZOJsCMC,negative
We are still trying to help pay Snowbunny's vet bills . Can you help? Even a liddle helps a lot. Thankies! https://www. gofundme.com/snowbunnys-hos pital-bill …,negative
"shortly after he broke his wrist on the job. he was a new father, workers comp was trying to sue him, and he was neck deep in medical bills",negative
"I break bread, ribs and $100 bills",negative
"You aren't paying my bills so fuck your opinion"" my hair dresser is amazinnngggg""",positive
"What a joke, he is hack, Manafort, Flynn and others will be indicted. Has not signed any major bills (healthcare, taxes, infrastructure)",positive
"I get mail from them too, buts its just bills ...",positive
Bills on me blue,negative
bills dumb as fuck. look at the name,negative
$15 min wage isn't enough to pay rent on a one bedroom in portland oregon and also pay utility bills or buy food or have a car or anythhing,negative
As long as the bills are paid I don't care if I gotta hustle my art or whatever I'll find a way my G mi familia is primero ese,positive
Yeah because 100 dollar bills have that It's turned around but you poor negro probably has never seen one,negative
"And I pay my mamas bills , no I ain't got no time to chill",positive
Can't wait for the day when my bills stop killing my paychecks,negative
young I opened up my bank account after paying all of my bills https:// twitter.com/mixtapekevin/s tatus/895367423083335680 …,positive
Bom? Desanimei quando soube que tinha o tal do Bills (por conta do filme ruim),negative
I finally decided to get Apple Music. lol what's another $5 a month added to the bills I pay already,negative
im still broke if my bills are paid and i have no money left over sharon,negative
Damn girl :( medical bills are BRUTAL. I hope everything is okay,negative
"Anything will help, only if you want too I'm drowning in bills https://www. gofundme.com/492aqiw?pc=tw_ co_dashboard_a&rcid=cdd8e3740dca42ad95d401cdf9d8366b …",negative
"That's because they are all rich like you, dumbass. They don't have to worry about paying their bills . https:// twitter.com/sensanders/sta tus/895313570010984448 …",negative
"All I gotta say it WORK! Work for your future, goals, dreams, bills and WHATEVER TF ELSE UNDER THE SUN. CHASE IT BITCH, DONT BE WAITIN, TF!",positive
"BUT JUST BELIEVE ME GIRL SOMEDAY I'II PAY THE BILLS WITH THIS GUITAR WE'LL HAVE IT GOOD,WE'LL HAVE THE LIFE WE KNEW WE WOULD,MY WORD IS GOOD",negative
The bills don't even get out of committee.,negative
"Literally had Nashville TSA ask Are you REALLY a Bills fan?"" Uhhhhh sorry that doesn't meet your standards hun. I'm committed asf.""",negative
ok i know that sounds awful to cry over money but i did the math and i put 82% of my monthly income towards rent and i can’t pay some bills,negative
I guess I didn't keep up w my bill even tho I'd paid a bit of it I thought they'd actually keep sending bills but they didn't so now I gotta,negative
Yea bills 5-11,negative
Not like I have bills to pay yenno,negative
All I've got is 3 bills and 8 quarters is that cool? Make sure it's fat,negative
HR 329 - Commending Dale Gleason for his service on the Sanger Independent School District Board of Trust... http://www. legis.state.tx.us/BillLookup/His tory.aspx?LegSess=851&Bill=HR329 … #txlege,positive
I'm sicka bills,negative
"AND I PAY MY MAMA BILLS , I AINT GOT NO TIME TO CHILL! THINK THESE HOES BE MAD AT ME THEY BABY FATHER WANNA BUILD.. https:// twitter.com/_zolarmoon/sta tus/894715911193710592 …",positive
"Law enforcement, local leaders urge lawmakers urged lawmakers to kill property tax bills http:// toplocalnow.com/us/el-paso/at/ 20#t6703148 …",negative
Really want to go to the bills preseason game tomorrow bc why not,positive
my 74yr mom died after a drive-by mastectomy- the next month i opened more hospital bills than get well & sympathy cards combined. surreal.,negative
"@frogirlginny so bummed I'm missing Froday this month bc of bills and stuff, last year was so much fun! Hope you guys all have a good time",positive
"I add when bills are due, when I paid the bills . When I've been in the office early. When I think I'll need a hair cut",negative
"So Milo is gross and I'd love him to go away forever, but a lot of arguments I see against him are the same used to defend bathroom bills .",negative
Welcome to my life... stressed about bills .,negative
Nakaka stress talaga pag nakakakita ako ng previous bills . Hayss,negative
Not till Destiny 2 then south park assassin creed red dead redemption 2 but too many bullcrap bills,negative
"Karachi: Shehar Me Ke K Bad #SSGC Ne Cas Metor Ki Kharabi K Naam Pr Sarfeen Ko Cororo Rupay K Bills Jari, Rept/ Amjad Ali Khoso?",negative
"If you're watching Panthers-Texans on '@nflnetwork , Carolina QB Garrett Gilbert is the son of former Bills Super Bowl backup QB Gale Gilbert.",negative
Young Bills Due. https:// twitter.com/mixtapekevin/s tatus/895367423083335680 …,negative
I still don't understand how a person without kids and no real responsibility or major bills can be... http:// fb.me/IKcvcqeM,negative
Predictions of economic backlash to bathroom bills come from well-financed LGBT groups. http://www. washingtontimes.com/news/2017/aug/ 9/lgbt-groups-fund-messages-of-economic-doom/ … pic.twitter.com/NtmymrEmqe,negative
"Prosthetics, $100 bills and a men's room: Coaches' wildest autograph stories http://www. espn.com/college-footba ll/story/_/id/20282554 …",negative
PGA Championship and Bills football tomorrow,negative
Are you saying it's wrong to stuff dollar bills down his pants ?,negative
I've lived through hard times & never asked for a hand out. I drastically cut spending & did without to pay my bills . #PoorPeoplesCampaign,negative
"Tom, did they raid Hill and Bills house.",negative
Is it possible for the Dolphins to play the Bills 8 times this season? Ajayi and my fantasy squad would appreciate it.,negative
"Karachi: Shehar Me Ke K Bad #SSGC Ne Cas Metor Ki Kharabi K Naam Pr Sarfeen Ko Cororo Rupay K Bills Jari, Rept/ Amjad Ali Khoso?",negative
But all my bills are paid so I guess that's just being responsible? either way I wish I was rich,negative
Paying bills tomorrow. Pay day Friday. So it won't hit me as hard lol #success,negative
Bills getting drafted out your account. https:// twitter.com/funmovez/statu s/895405820690784257 …,negative
1st check went to bills,positive
"Ha this isn’t how it works. If your bills are paid, but not much money left over to spend.. then you’re broke... #tragic https:// twitter.com/cameron_773/st atus/894749276315590661 …",negative
"48. 2 at most, im only paying so many bills fbshhd",negative
"lol the instructors were the worst about it because they'd be like Well why didn't you spend more time on this"" BC I HAVE BILLS TO PAY JEFF""",negative
A woman is suing Costco for a chicken salad that cost her millions in health bills http:// aka.ms/dlormm pic.twitter.com/N0e3J9Lnv3,negative
"Doesn't tom Brady have a poor record against the bills in his career for some reason?? Also, I said chefs because of opening game stiffness",positive
Whereas lower cellular data usage & lower bills - are concrete tangible benefits,negative
"Yeah because an independent socialist"" as most outside of his supports call him, would've been able to promote and pass bills""",negative
Start work tomorrow cause who else gone pay these bills,negative
Waiting til 2am for my paycheck to hit so I can pay my bills and not forget lmao,positive
Stop slandering the Bills with your picks. Wild Card winners. 10-6.,negative
When you pay all your bills and you still got $$$ pic.twitter.com/Mf5Ny4RCH4,negative
The way these bills burned up my whole direct deposit from last week & stole extra from my bank account this month was mad disrespectful,negative
"No, but '@BenSasse says you can pay bills with grit and determination.",negative
Issa Bills Game tomorrow. White folk finna be crazy & drunk before noon.,negative
Is it just quarters? What about some 20 dollar bills ? pic.twitter.com/ye3lYahLWy,negative
Paying bills ain't fun but being able to pay them is a blessing,negative
I tweeted about it you ain't pay attention lol sold it for the high bills gotta get paid shawty,positive
I can only name 3 bills that he's introduced and passed. Two of them actually matter and are for Veterans S. 893 and S. 2782,positive
craving sweet tea from bills,positive
Had to get tricky with the bills but it all worked out,positive
Paying all the bills is overrated. I'll be a kept woman.,negative
Losing cash dollar bills makes me heated.,positive
"The bills don’t stop, so how can I?",negative
That's all I get the in mail now. Scams and bills,positive
Bills on me blue,negative
To what advantage you ask? Pushing the lie of a #waroncops can help them pass bills that would reduce police accountability #CriminalJustice https:// twitter.com/ThnderSaysHell o/status/895466357080301568 …,positive
"if i didn't have a job & bills to pay , i'd be buying 2-3 shoes every check .",positive
Some where to hide her and Bills 'pay for play' millions i would guess.,negative
I meant to say: Anti-East-Ramapo bills were pushed by IDC member.,positive
Young Medical Bills https:// twitter.com/mixtapekevin/s tatus/895367423083335680 …,positive
"Diamond got $1,000. Silk got $274.94. They still gotta sell a lot of Trump Train pins to pay the bills .",positive
I have a make up addiction but at least I can afford it bc my bills are paid,positive
You're DAMN right I work full time during the week... I got bills to pay... Obviously that's not what I see myself doing the rest of my life,positive
I love getting paid properly. I can actually pay bills . What a concept. Thanks Phoenix!,positive
"I get money in every Thursday which usually clears by at least 1am, we're almost 3am! I have bills to pay! '@HSBC_UK ladies and gentlemen",positive
Still broke as fuck tho send me a mill in dollar bills,positive
Up getting bills bengals tickets instead since it's on a Sunday.,positive
So by that logic NFC championships loses are just as valuable as SuperBowl wins the the bills are the greatest dynasty ever 4 straight SB Ls,negative
You in Trouble-buy with money earmarked for bills -debts mounting -maxing out credit cards-collectors are calling http://www. stopbigspending.com pic.twitter.com/WvbuyKh4cn,positive
"BILLS ON ME BLUE, uh huh, LIKE A BRUISE, uh huh, BETTA YET, uh huh, BLUES CLUES pic.twitter.com/neMm33QpOS",negative
"I realize that i have to pay my education debt and wifi bills so , haul for next month will be less .",positive
We all fall short in life paying Bills ! Are you in Debt and want to live #debtfree !Visit: http://www. americandebtenders.com pic.twitter.com/t5K5mzpaeA,negative
Haha I would say I'm surprised that it took me this long to realize but I'm not hopefully they enjoy seeing all the bills we pay,negative
Taxi New York Taxi Emoji ↺RT ️ http://www. 1clickemoji.com/4443 #eulogize #onthegroundsthat #yes #simultaneously #bills #comicb,positive
"The goal a year from now to get my credit score to the 600s or better, I started a self lender account, I'm going to pay my bills on time",positive
Young bills https:// twitter.com/mixtapekevin/s tatus/895367423083335680 …,positive
But smh kids needa learn how to tip . Like yeah you don't have to but That's literally how they pay their bills .. soo that's really shitty..,positive
Sugar daddies be ugly asf glad my sugar daddy know he ain’t gone be humping on me just pay my bills hoe,positive
bills on me blue uh huh like a bruise huh better yet mhm blue's clues,negative
"In another '@Sandra_Sully with the late news moment, a report has found people are struggling to pay power bills ... http:// vcoss.org.au/documents/2017 /08/POWER-STRUGGLES-2017.pdf …",positive
We do expect Congress to work and pass bills . That's just the minimum. Can't do that? go home and citizens will stop paying your salary!,negative
Wanted the Bills to pick him up,positive
"Sounds like Hillary. He may as well blame Russia. Just think, they would be willing to pass bills if Hillary was president",positive
Lmao the fact that mary said some bird jumped in her mentions and explained why she pay her man bills,negative
I just cut my cable last week! No more high cable bills wohooooo!!!,negative
She's 16. She wants to play in the symphony. I want her to be able to pay her bills . It's hard as fuck out here.,positive
"Same lol I used to be so giving. Now? My money is MY money nigga. Especially now that I have bills .. what's our""? ""We""? Iont speak French""",positive
I don't feel 7yrs old. I still got these bills https:// twitter.com/leuubee/status /895408574725226496 …,negative
"Today started out very adulty (running errands, cleaning, paying bills )& here I am at 10pm waking up from a nap I didn't know I took at 4(?)",negative
HEY PUT THE MONEY DOWN AND PAY YOUR BILLS FORST,positive
young bills https:// twitter.com/mixtapekevin/s tatus/895367423083335680 …,negative
startribune​.com >> Five Vikings developments to keep an eye on against the Bills http:// buzztap.com/-Z7z44V,positive
Save some money on power bills this winter! Fight the winter blues as well! http:// fb.me/sMf1UNS1,negative
All the bills are out the way THANK YOU JESUS,positive
Bills so high I may need to make a private snap,negative
Do: Turn Off The Radio Don't: Turn On Loud Stripper Music And Throw $1 Bills #DosAndDontsWhenPulledOver '@HashtagGiants,positive
I'm starting to think raven's GoFundMe is for her grocery bills and not her medical bills #bb19,negative
"Sorry, Somebody's got to PAY da bills",positive
No the state of California is paying their medical bills,negative
But I mean if you said bills I wouldn't disagree with you... 17 long years out of the playoffs 22 long years without a playoff win,positive
Eat it '@NashBillsBackrs jk love you guys,negative
if that bag falls on your head you have your parents' Obamacare for the hospital bills .,positive
Young bills https:// twitter.com/mixtapekevin/s tatus/895367423083335680 …,positive
Games can't pay the bills Bruh,negative
PayU Nigeria launched a convenient payment solution for recurring bills settlement for Nigerians http:// ift.tt/2ur0uY7 via techatlasthq …,negative
"Meanwhile that's the same person saying to get a real job"" to me while I tell them I work 50+ hours a week and barely afford bills""",positive
"And remember, although it may not pay the bills , but being there and being supportive makes the bad days a little better.",positive
"Although, the more I look at it, the worse it gets. Why the fuck are there 100 dollar bills flying everywhere?",negative
"The commute from Norman, OK, is prohibitive BUT I will be watching every game on tv. GO BILLS !",positive
billsのパンケーキ と感動の再会。 pic.twitter.com/5sUGYnEM7d,negative
"Two bills reintroduced, Speaker pulls up officers. pic.twitter.com/UK3SDijxkK",positive
You have zero idea how I think I'm extremely well-rounded We read the ACA Bill and amendments since 2009 Did you? I read bills & fight DC pic.twitter.com/3zwqnVTLmN,negative
"Free join in : sugar daddy club. Get yourself a rich daddy who can afford your bills , pay for u & spoil u. http:// Datingrichmenapp.com",positive
"All I want in life is all my bills paid off, school to be done, live in a nice house and go on lots of vacations",positive
we have to budget everything very very tightly so that we can afford all our bills . what money i get to keep for myself is gone almost,negative
2016: I Offered To Pay Bills For IPOB Victims But..- Obiano http://www. naaija.com/2017/08/2016-i pob-members-pay-refused/ … pic.twitter.com/I93UZS69HX,positive
"If u don't pay for my bills don't tell me how to live my life, what to do, what to post, how to act and how to dress. Simple as that",positive
"The account is not enrolled in paperless billing, but the bill's almost due yet we haven't received any bill yet. The rest of the bills",positive
2016: I Offered To Pay Bills For IPOB Victims But..- Obiano http://www. naaija.com/2017/08/2016-i pob-members-pay-refused/ … pic.twitter.com/Ap3b6UytwB,positive
"Could be worse Sal. I am an Oakland A's fan, Bills and Sabres. I suffer year round.",negative
"Lmao!!!! Kk tries the same thing! I'm like welp, I pay the bills !!!",positive
"Maybe it is me, but I think someone needs to make better life choices or better haircut choices. #Bills pic.twitter.com/8vNuFx4dPb",negative
I only have bills . Will this be an issue?,negative
"Two bills reintroduced, Speaker pulls up officers. pic.twitter.com/HCzsrDRgS9",negative
Young Bills https:// twitter.com/mixtapekevin/s tatus/895367423083335680 …,positive
Young Bills baby fan video... I'll say Young BV for short https:// twitter.com/mixtapekevin/s tatus/895367423083335680 …,negative
North Korea 'seriously examining' a strike near Guam - CNN welp I guess I'm not paying anymore bills . Fuck it https:// apple.news/AjQG11EufTWG-N ZTRg161Kw …,negative
The second I'm assuming you're talking about an account statement. I don't know which should be use. Even credit card bills are statements.,negative
oh paying for college is on top of the adulting bills i already have. please spare me on that subject of ppl getting free rides complaining.,negative
I'm still getting hospital bills ... jfc this is why doctors are so damn rich,positive
only fuckin with blue bills,negative
bc for me it was just that thing my mum did a couple times when we couldnt pay our bills ... lmao,negative
"i pay $1600 a month on a hotel, plus another $2k + for my bills . like i said before living on my own would be easy... i know my income. thx",negative
Why are there no picture of a #woman on the #Dollar bills ? https:// en.wikipedia.org/wiki/United_St ates_dollar …,negative
"The Bills passed (or lack of) is enough proof that nothing major has been achieved. Just lots of meaningless, ridiculous tweets!",negative
Really? What's the excuse Republicans can't get bills --> laws? They have control of all 3 branches of govt. what else do you need?,negative
haven't checked my student email in months and the only emails I have are about tuitions bills pic.twitter.com/n84iSeTxHY,negative
"Anytime I get asked what I do &I say I'm a dancer"" they look at me like I said ""I strip for dem dolla bills "" Hawaiian dancing y'all, relax""",positive
"It's nice to be paying bills . Paying for my dog vet bills . College down payment , my car. Phone bill.",negative
That's because neither of you depend on working there to pay your bills .,negative
"Oh, they can introduce bills . But the GOP controls what actually comes to floor, or even gets a vote in committee",negative
Treat with Get off Attribute to Calendar Bills as representing Diminished Let alone the Expense Owed http:// ift.tt/2fthKFw,positive
"When you're 21 with your own place, bills to pay, etc but still need help with the basic necessities of life pic.twitter.com/Fsq1jvq3sY",negative
HR 330 - Commending Chris Faircloth for his service on the Sanger Independent School District Board of Tr... http://www. legis.state.tx.us/BillLookup/His tory.aspx?LegSess=851&Bill=HR330 … #txlege,positive
Cause it's a Thursday .. an we got bills to pay .. https:// twitter.com/ginna_lepard/s tatus/895459190419984384 …,positive
If you're ever feeling down about stuff people are saying just remember you can't pay bills with peoples 2 cents,positive
Wow first bills game of the year tomorrow and I'm so excited,positive
Why don't you start by paying all ur legal bills and free up taxpayers dollars for the subway,positive
Co-pays and doctor bills too high for that shit. I think tf not https:// twitter.com/HighHeelEsquir e/status/895460607553486849 …,positive
"As Pa. looks to fill budget gap, your utility bills could rise http:// ow.ly/XHHs30ei6B9 #pabudget",positive
Young Pay Bills https:// twitter.com/mixtapekevin/s tatus/895367423083335680 …,negative
Young past due bills https:// twitter.com/mixtapekevin/s tatus/895367423083335680 …,negative
Lmaoo who you tellin. I had some unexpected bills . Can't wait for next Friday,positive
"The biggest but"" is we've accomplished basically nothing in 40 years, and we aren't paying the bills ! Take a chance!""",positive
This shit needs to be dropped in college. Save a quarter to third of kids tuition bills and get out in 3 years. Totally agree.,positive
I don't think some spare change and a few dollar bills are gonna cut it when '@HillaryClinton 's ushers pass the basket. #getrichquickscheme https:// twitter.com/ArizonaKayte/s tatus/895455901791932416 …,positive
Money goes in. Money goes right back out. Maybe after SJX I'll post several of the high 5-fig and 6-fig bills . I'm not living the high life.,negative
Young bills https:// twitter.com/mixtapekevin/s tatus/895367423083335680 …,negative
I have said that renters and non-solar households pay the power bills of solar home owners. That's a fact. Do more poor people rent?,positive
You got a roster and not having any sex....your bills not paid....and you rarely take trips. I really don't see your purpose,positive
Bills on me blue like a bruise,negative
"In case some of y'all didn't know: when you die, you still owe them bills Welcome to adult life bitch",positive
"Paying student loans, paying bills , working.....",negative
Young bills are due https:// twitter.com/mixtapekevin/s tatus/895367423083335680 …,negative
OU Board of Regents to vote Friday for $6 million for LNC Strength Training & Performance Center Addition (aka time to pay bills ) #Sooners,positive
"You need a job to pay bills , but you can't get one without experience, which you can't get without a job. #holeinthebucket",positive
milly rock on every block ! cos when you global like me payn bills ain't shit,positive
Some Clinical Trials Pay The Bills While Others Generate HUGE Profits Fo... https:// youtu.be/RG5sDNR57zw via '@YouTube,positive
Working to just pay bills,positive
"Been bustin bills , but still ain't nothin change",positive
When team 10 pays your bills lol,positive
"Minimum Wages, NSIT bills retabled. AAP govt restores definition of State government to mean LG in proposed acts a… https:// twitter.com/i/web/status/8 95458717881090049 …",positive
"Minimum Wages, NSIT bills retabled. AAP govt restores definition of State government to mean LG in proposed acts a… https:// twitter.com/i/web/status/8 95458717881090049 …",negative
"Minimum Wages, NSIT bills retabled. AAP govt restores definition of State government to mean LG in proposed acts a… https:// twitter.com/i/web/status/8 95458717881090049 …",positive
None else Finish Merit List of agenda Bills http:// ift.tt/2wvqleT,positive
Tomorrow is the only bills game I'm able to watch until December but I have an extra ticket if anyone wants to go,positive
I ain't make big yet & already paying moms bills,positive
Bills be wack as hell,negative
#mcpskey6 laying it down for real! Bills are BIG part of life! #growmaury https:// twitter.com/coachsleepyboy d/status/895441919282520064 …,positive
"Minimum Wages, NSIT bills retabled. AAP govt restores definition of State government to mean LG in proposed acts a… https:// twitter.com/i/web/status/8 95458717881090049 …",negative
Bills bills bills pokies pensions gone in 5.5hrs,positive
Had a table decide to not tip after I got their $100 bill taken down to $46. It's cool I don't have bills or a baby on the way or anything,positive
Koch is better off replacing your toilet paper in the office with $20 bills than spending money on Twitter ads,negative
"get the money, dolla dolla bills",positive
And YUGE legal bills Bigly ones,negative
"I gotta stop giving AF about being judged for shit. Especially off the clock. Yall don't pay my bills , I'mma fuck up at times, but I'm",positive
Getting fucked and keepin ya house as a shelter for everyone just to pay the bills tragic,negative
Manitoba deal shrouded in secrecy -SERAP Nigerians paying crazy bills for darkness – Falana Urges EFCC to probe... http:// fb.me/yy4nRIdv,negative
How to cut your electric bills in half http:// bit.ly/15Pcz5S,positive
The penis mightier than the sword quote is blatantly false & misleading. Someone needs to pay my husbands medical bills,negative
lol I love that Cam Newton is so happy for his fellow teammates!! #PantherNation #KeepPounding just don't pound when my Bills come to town,positive
"His criticism and correction"" of the work of others are not his accomplishments. Where are his bills on the ideas he's had for 30yrs?""",positive
Im a Pats fan but I cant see us going 15-1 also we wont win the division by 9 games that is crazy Dolphins and Bills are .500 teams to me,negative
I just gotta make enough for my bills and rent too though,positive
bills on me blue uh huh,negative
Young getting paid and it going straight to bills . https:// twitter.com/chrissyteigen/ status/895444394194608132 …,negative
"Adulting: 24, paying all my bills , & in bed by 8:30",positive
How many men let their wife or old lady pay the bills in the household?,positive
AAPInNews: Two Bills sent back by Centre re-introduced pic.twitter.com/WD49oZvrXD,negative
Was this right after Bills tarmac meeting with Loretta Lynch? Or after Seth Rich's murder?,negative
Lemme 'splain something my friend. I'm about 20-30k in the hole right now with medical bills . Not to mention I need a new house AND car.,negative
"Idk how y'all go to club every night. Y'all don't work, y'all don't have bills or responsibilities? Ew.",positive
groceries rent and bills really do add up lmao,positive
Two Bills sent back by Centre re-introduced pic.twitter.com/sKgVvqZley,positive
I need a roommate to split all this bills with,negative
"I used to love getting mail as a kid, now I'm terrified when I see that I have mail. Just bills and shit",positive
It feel good to spend money knowing my bills paid. pic.twitter.com/uqYdoErkq3,negative
Young I am halfway though life and I'm afraid I'm wasting it and I worry about my kids and the world and bills and retirement and ... https:// twitter.com/mixtapekevin/s tatus/895367423083335680 …,positive
Bills fan...I'd take either!!,negative
bills on me blue. like i'm blues.. better yet blues clues,negative
Two Bills sent back by Centre re-introduced pic.twitter.com/FPFuhfm73J,negative
"Well, and we all know how good he is at paying his bills ... It's not like you'd ever actually SEE the money... https:// twitter.com/susie_mouse/st atus/895456790116155392 …",positive
Young The #Bills Signed Anquan Boldin https:// twitter.com/mixtapekevin/s tatus/895367423083335680 …,positive
Bills :(,negative
Being an adult and having to pay bills suck am I right?!?!?! pic.twitter.com/dsvmfGUyC7,negative
"NSIT, Minimum Wages Amendment bills re-introduced in Assembly. pic.twitter.com/t0QIVJc3x5",negative
Two Bills sent back by Centre re-introduced pic.twitter.com/y02BQCGFOR,positive
Top Ten List – Track These 10 Important Employment Bills as the California Legislative... https:// goo.gl/aBVEbm | by '@labor_attorneys,negative
"Couldn't, I was battling my finances trying to pay off certain bills and push getting evicted off for another week, also looking for 3rd job",negative
. '@PeterWalshMP : What do you have to say to the employees whose jobs are now threatened by bills the company is struggling to pay? #springst,negative
Bills aren't paying themselves lol,positive
"NSIT, Minimum Wages Amendment bills re-introduced in Assembly. pic.twitter.com/SRB7fhXfXV",negative
Tfw you're waiting for your monthly salary to be deposited just so you can pay your bills ...,negative
"Girl's got the skills to pay the bills . #BBW #NFLW #MLW You're up, #NHL ! pic.twitter.com/tTEjHzU4HC",positive
Two Bills sent back by Centre re-introduced pic.twitter.com/pi5AqGsrOr,negative
"Things that make me cringe: Fuckboys, bills , and short ass Apple chargers.",negative
About to call my momma and talk shit to her like I pay all my bills on time...,negative
i wanna get my hair done so bad. but bills,positive
Idk why Im hype like I'm not about to pay bills,positive
$450 added each month for bills . there goes any thought of treating people,positive
Sisiisis me gusta mucho Bills,negative
"I swear I get handed hundred dollar bills at least two to three times a month by random people for no reason, I ain't mad about it either.",positive
"I checked it out. ZERO bills Sen Hatch has introduced have become law in the 115th Congress. GOP has control of House, Senate, & WH",positive
Getting a car helped mine but also fucked me over with high interest rate lol but I finally got bills in my name so shit better get to 700,positive
"ICYMI - Watch our special, Camping With the Bills ,"" in its entirety here: http:// bit.ly/2uHZgTu #13WHAM pic.twitter.com/oZzMp7ZvVe""",positive
paying all my bills by myself makes me feel nice and adult and proud of myself and then i see my bank account is empty and LOL,negative
We've given that up.The dry ice bills were yuge.,positive
My puppy: *barks at my dad* Dad: what are you barking at me for? I pay the bills,positive
"You ain't paying my ,rent, bills ,car note etc. What make you think I'm gone stress over you",positive
lol ya. It's one of our main prizes. some of the local bars donated bottles of booze for us to raise money for medical bills,negative
Who the hell pays your airline bills they must b racking up the miles,negative
Idgaf how old you are if you're not paying bills you're a child,positive
Bills on me blue,negative
@ToyotaCustCare Hi I would like to know how can I pay my monthly bills using credit card? Thanks!,positive
All I did today was pay bills and finish a whole bottle of wine. Is this what they call being an adult? Because they can keep it tbh,positive
Lobby Thoughts: Vikings vs. Bills - Official Site http:// aggbot.com/Minnesota-Viki ngs-News/article/30748584 …,negative
Paying bills is so exhausting,positive
@ToyotaFinancial Hi! I would like to know how can I pay my monthly bills using credit card? Thanks!,positive
4 more hours of this shift. I got a check to blow.. on bills . Yay.,positive
Power bills - will rise too. https:// twitter.com/DrCraigEmerson /status/895447068826779648 …,negative
It sucks growing up so many bills you gotta pay and shit...,negative
Love don't pay the bills around here.,negative
"I am being haunted ... but not by ghosts or anything, it's bills and responsibilities",negative
not paying bills . https:// twitter.com/naeyoucrazy/st atus/895454476760383489 …,negative
"This cooking, paying bills , helping with homework, adulating crap is getting old! Can I get a thumbs up if you agree",positive
"If you don't absolutely love what you do, then what's the point of even doing it?"" Me: Uhh... to pay the bills muthafucka""",positive
young the crushing reality that adulthood means paying bills and making appointments for yourself and not having enough time in the day https:// twitter.com/mixtapekevin/s tatus/895367423083335680 …,positive
I have 6 to go. Husband has 9 (he was in grad school when I started teaching). We don't make enough to pay our bills AND wipe out our debt.,negative
WHY ARE BILLS ALWAYS DUE THE DAY BEFORE I GET PAID. FUCK YOU.,negative
Bills make being an adult so trash.,negative
Can't wait to get paid so I can pay bills so that I have a way to get paid.,positive
I have more receipts than dollar bills in my wallet,negative
"We won $10,000 once and it was $7500 after taxes and we paid bills lmao",positive
"Yes mom, I'll give you money, help pay bills , pay my own bills , buy my own stuff, and STILL not be allowed out past 9.",positive
And room service is like 5 fuckn bills aye mf,negative
... so even though her asshole of a boyfriend lives here apparently he doesn't have to help pay for bills pic.twitter.com/LibUBmtdXZ,negative
Honestly I'm more concerned bout paying the bills and if I'm gonna be homeless again in a week,negative
why do I pay taxes and bills but cant leave the house past 9 and have to be home by 1 I will never understand,positive
"Nigga got to go to work , mommy daddy don't pay bills around here .",negative
All my bills is paid &d I don't owe a nigguh or bitch shit #tieeeddd,positive
Glad I got my bills out the way now I can enjoy the rest of da month lol,positive
I could pay your bills with lose change,positive
At that point I honestly couldn't have imagined caring for another person. I was paying over $1200 in bills . Working at MG you only make a,negative
When you really want the olive hight waisted leggings and a dusty pink hoody from '@SaskiCollection but you got bills to pay the struggle,negative
"me: has school, work, rent, bills , anxiety, depression, and a somewhat existent social life to worry about also me: pic.twitter.com/5qWgsxrZkJ",negative
This for all my dancers who don't need a nigga to pay they bills https:// soundcloud.com/scktaaaaaaaaso unds/cones …,positive
If i was selling dope i would hustle to pay all my bills one year ahead than quit the game fams,positive
Is it better to keep a 2nd fulltime job to pay the bills OR raise funding to focus on your startup?,negative
"700 bucks left on my hospital bills For bookings, please email AGDwrestling'@gmail.com",negative
Paying bills with dope money gotta be a fire experience.,positive
Worried about future legal liability and bills ??,positive
I need to pay bills with this check but I also plan to treat myself to some brown lipstick and the wowder powder from glossier,negative
And our major complaint is that there is only one provider so we have no competition or choice. We have to suck up our bills even when suss,negative
Everyone not fortunate... I like clocking in & collecting my check.. paying my own bills ... I can guarantee my family going to eat,positive
Iv acc been working like I have kids n bills to pay but where the money at the prove it,negative
@WellsFargo You're sending me a new card I didn't ask for. My bills are set to auto pay. Now I have to change it. #notahappycustomer #gfy,negative
"Working on leveling up my rank so that I can pay my mommas bills without struggling. Almost there, but I have to keep working.",negative
"Using quality insulation is one of the best ways to reduce your heating and cooling bills , but not all... http:// fb.me/5WQP18nNC",positive
Hate paying bills,positive
"Can't believe tomorrow, I start my official adult life. No more coming home for the summers, few more bills added on, life's just starting!",positive
Bills paid but u ain't got spending money yeah you broke as shit,positive
Idk if you can??? With bills & rent & then going out to eat & to the mall with Monmon. Tho tbf currently I can't go out to eat so.,negative
Vineyard owner and port consultant that pays the bills,positive
Bills on me blue,negative
But I got bills to pay,negative
Paying bills automatically puts in me into a deep dark depression,negative
It's either bills or something else.,negative
"Adulting w/Karenann: Did work of two, paid bills , therapist appt (aka mental yoga), went for a stroll.",positive
I've never seen so many bills & my money go so fast,negative
YO OPINION DOSENT MATTER IF IT DONT PAY MY BILLS,negative
hmm i miss designing shit... maybe i can do those adoptable things or smth.. i could use the cash tbh everything is bills rn and i cry,negative
@North Korea. yo let's hurry this shit up my bills catching me,negative
My broke and your broke is two different things. I pay bills what's your excuse,positive
Checking my budget and bills for the week pic.twitter.com/DH7eBuhTY2,positive
"bills always get delivered faster than checks, the same way pre-roll ads always stream perfectly & then the video after is all fucked up.",negative
My mom gave me money for bills and I bought another jean skirt someone pls stop me,negative
Cuz bills,negative
She's probably broke after paying for the wedding and all of Tom's bills .,negative
I always think of all the nice stuff I could have (or bills I could pay!) if daycare didn't cost me 10k/yr...,negative
"Now, to find another job that will pay bills while I wait to go into the Navy...",negative
She is still in the cot. I was holding off because there are just always too many bills to pay. It's become necessary. I need sleep.,negative
"So no stream tonight guys, got so busy & forgot about bills . :/ #adultingsucks #canibeakidagain pic.twitter.com/9hFx6GLuER",negative
"19 and paying my bills , id feel proud of myself if it wasn't for the constant fear of losing everything and being unable to buy food!",negative
I did pay my mama bills this week tho,positive
"Unless u paying rent 610+ including electricity, cable& phone bills Do NOT come for anybody who does cause trust me the shit is hard '@times",negative
So because I barely manage to pay my monthly bills I'm rich? I don't think it's fair to compare levels of poor.,negative
Retailers shocked by bills http:// ift.tt/2wvRP40,negative
living on your own is all fun and games until it's time to go grocery shopping & pay bills,negative
Bills On Me Blue ... Like A Bruise ... Better Yet ... Blues Clues ..,negative
Hahahahhahah tell me about it 1348.78 alone on only ONE of my medical bills TODAY,negative
not really sure what's up with me. I just feel bad. kind of wanna sleep for 20 days but I got bills to pay,negative
when will the medical bills stop?,negative
I pay my momma bills I don't got time to chill,positive
Pre-pay energy customers to see bills fall as Ofgem lowers price cap pic.twitter.com/j8gf8Pkbee http:// dlvr.it/Pd0PKw pic.twitter.com/7tyS4rmMlF,positive
and imma wipe my tears with the bills https:// twitter.com/IamKingFresco/ status/895076433462218752 …,negative
My stance on my bills rn is I'll pay them when I pay them,negative
"Can't imagine a nigga not eating me out and expecting me to pay all the bills ??? Why are you even here, my guy?",negative
Wish they would put him on Odumbass care then give him the ass beating he deserves and watch his bank account dwindle due to the med bills .,negative
This's one of the reason why I don't buy it! Also I've bills to pay like $400 there's so many thing I can do with that money https:// twitter.com/norminahkorbae /status/895448512388882432 …,negative
I had to spend the money I was saving for the hotel on bills & shit,positive
Bills suck no,negative
"You've never liked me & probably don't like me still, but a nigga liking me ain't never paid my bills .",negative
Getting these orders poppin helps me keep my bills paid in the expensive ass San Francisco Bay Area,positive
"Like I graduated from GV, have seen my family the most since I left for school, rented a house, and can pay bills . Don't need much more.",positive
Paying sudden & costly car repair bills ? Let an Extended Auto Warranty Pay! Any vehicle. Any age. Any mileage. Visit http:// nationwideautowarranties.com,negative
You were born to do more than just pay bills and die.,positive
Sickening hospital bills - Medical bills sometimes surprise with extra expenses https:// goo.gl/fHkjn2 via '@washtimes #medicalbills,negative
"It is not her"" cause. It is a cause for a man who is very ill. A man who has over $150,000 in medical bills already. Compassion you lack!""",negative
I wish I was a young again so I wouldn't have any bills to pay or any responsibilities,negative
I'm gonna start a fund to pay for my hospital bills for when I turn 21,negative
"I'm quitting my job, if any of my mutuals want to pay my bills :-)",negative
"Yea I smoke alot of weed,but i work fulltime my bills are paid,gas tank and stomach full",positive
Parents are having me pay the utilities as a form of rent so I've starting using the phrase you don't pay the bills around here,positive
Just tallying up the sum of caring and helping others - it doesn't pay the bills,negative
"And that's fine with me, I'd rather eat and pay bills and splash out on little things like flowers & happy stuff.",positive
Bills on me blue,negative
Good credit and no bills will extra impulsive bills when you get too cocky lol,negative
gotta pay bills . if you pay to meet your fav hug them as tight as you can and tell them how much they have changed your life knowing that+,positive
i started off the week with 400 dollars and now i have 50...gotta love bills,negative
Phone bills really be making me want to go off the grid,negative
man swear...i aint ask for bills nshit,negative
"Based on our power bills this summer, this shouldn't be a surprise. https:// twitter.com/mikesunx/statu s/895445839761375232 …",negative
"your standards are too high, I see why you're single.""- a man who still lives in his mamas basement and won't help her pay bills""",negative
I was trying to pay bills today too :-),negative
ppl who've never had to pay rent or any bills tbfh,positive
I wanted one too until I saw they we're 2 bills lol but I still want one :/,negative
why cant i just be happy and not have to worry about bills,negative
Ain't Shit Real These Days But These Bills,negative
"Critical acclaim doesn't pay the bills , sales do. People can love a game all they want, but if not enough buy the game, what do you expect?",negative
Streets pay my bills I ain't got nobody helping me,negative
A young adult with very few expenses/ bills such as myself.,positive
Contact a rich daddy who can afford ur bills & spoil u. Free join in: http:// datingrichmenapp.com Verified rich men,negative
"daddy pays the bills , so telling him no really aint an option",positive
*checks bank account after rent and bills * I'm still alive but I'm barely breathing,negative
Doing my bills . Update: I'm broke,negative
If you want to actually be somewhere in life you have to give a fuck and put in effort. Fuckin off won't pay the bills,positive
.....AFTER paying bills of course #BeClear,positive
I won't give up Ima work my 2 jobs and go too school pay my bills & stack the rest,positive
"I got bills to pay , I got moves to make .",negative
Just paid 2000 in bills and still got some pending don't grow up,positive
You ever stare at bills and the bank account and get a headache from the difference. Fuck me up fam.,negative
me looking up furniture and tapestries knowing DAMN WELL i'm about to pay my bills and have 47 cents,negative
At least I can say the wallets fat and bills are paid for awhile. But holy Fuck,positive
@HidingMonsterr I haven't been able to get any of your stuff. Bills and such!! Soon tho. Real soon! I Promise ;v;/,positive
"And I pay my mama bills , I ain't got no time to chill""""",positive
Paying bills,positive
19. i've been working at starbucks for the past two years and i really hate it but i got bills to pay,positive
"Heard he may try 'shirtfronting' next if eyeballing fails, meanwhile our bills continue to go up",negative
"Wow you were so helpful thank you so much you were great wow have a good night thanks"" Your words won't pay my bills , HAROLD""",negative
Do not ask me to take your photos for free ... I'VE GOT BILLS TO PAY,negative
"I still get shocked that there are parents out there who will fund their adult children's traveling, bills , furniture etc. crazy.",negative
Bills on me blue like a bruise better yet blue clues,negative
GOD DONT PAY MY BILLS,negative
"A5 #HuntChat I really need a cranking aid because of my bad back, rope aid just not cutting it anymore. Cost $185 dollars, bills come first",positive
I blew a little money but my bills paid,positive
"Oil change, tire rotated, paid some bills , took the dog to the park and went to the gym of course.",positive
Sleeping without pain. All the bills paid. My children laughing and screaming 'cuz I cornered them and its TICKLE TIME!,positive
Gotta pay the bills love,positive
"Insurance won't cover Auvi-Q, $4500 out of pocket! That's my mortgage, car payment, insurance, bills and groceries!",negative
I'm actually going to try and not spend money for the next 2 weeks unless it's bills,positive
Idk yet I'm still deciding and have some bills to pay too on top of that,negative
"My stay was similar. And my husband was in, too. Don't remember how much it would've been before ACA, tho. We are drowning in bills . Sucks.",negative
tryna create a commissions page because im very desperate for money. bills are starting to pile up,negative
once i had stress dreams about missing classes i didnt know i was signed up for. now instead it's bills i didn't know i had,negative
when it's pay day & all them bills magically start taking they money likeeee pic.twitter.com/f8TcWtGehS,negative
As long as my bills are paid idgaf about anything else.,positive
You got to stay on your game and your bills at all times,positive
"Cooking, laundry, cleaning your home, paying your bills , doing the dishes, talking doggo for a walk, watering the succulents, etc.",positive
"Going to work, going to school, paying my bills , loving my bby. Minding my business",positive
Some guys eh. Financially stable for just one weekend. As long as you pay your bills it's ok. Just fuck her with the AC on.,positive
"Weird, I can both play WoW without selling carries for cash, and pay my bills . The world first race is 100% Opt-In, or have you forgotten?",positive
why can my dad just move out and leave me the house and pay the bills for the rest of my life,negative
What if I don't have aany bills to pay and I'm still broke https:// twitter.com/cameron_773/st atus/894749276315590661 …,negative
"When all you want to do is travel & go hiking w/ the dogs you don't have yet but you have to buy groceries, pay rent/ bills ,& save for cars",negative
Ok but if I not die tomorrow imma need that shirt money for bills https:// twitter.com/sexualgif/stat us/895125466348007424 …,negative
Nah. I have booze. I have bills to pay.,positive
Gotta pay them bills,positive
"saturday we are GOING to get your permit"" OK BUT LISTEN HERE I DONT WANNA GROW UP I WILL NEVER DRIVE AND I WILL NEVER PAY BILLS""",negative
"Compared to what you've been through yes. {Thinking carefully} Will you forward your medical bills to me please, they'll be taken care of.",positive
"I pay all my bills , & no debt",positive
"Medical bills are the worst. One short hospital stay + bills come from all angles. Horrible for middle class, honestly. Can't cope.",negative
Nigga I do not want to be grown no fucking more I get paid just so I can pay bills bruh,negative
"It's like I love being successful, making my own money, and paying my own bills , but I hate working. Why can't I have both",positive
It's a career path but it also pays the bills lol,positive
This splitting bills 50/50 thing is trash,negative
And for what?! Being able to pay my bills,positive
"So we put our money elsewhere. Bills , house, groceries, etc. More important stuff. I'm content watching via tv",positive
College bills are my BOOMERANG Im on full scholarship so whatever is put on my bill is then subtracted from it,negative
With £292 a month she's supposed to be able to pay her bills and eat - plot twist thats impossible,negative
Helping 3 single mothers with bills next month. Anything up to $3500 ! Let me know....... #TAG whoever you know... http:// fb.me/yTrqBRlb,positive
Nothing beats crisp new bills and reminding piggies the only man who can satisfy me is benny franklin. #cashslave #paypig #cashmeet #findom .,positive
I pay bills now so I can walk around w/ no shirt on in the house,positive
"If I could take away bills and just focus on school, that'll be great!",negative
Being an adult is NO fun when it comes to bills lol 197.00 for car maintenance & I got a deal LOL #Toyota,negative
"We got problems, we got pain. We got issues, we're insane. We got stacks of bills to pay. It's getting darker everyday.",negative
"lotsa work, lotsa Marshall bills , lotsa Marshall spitting out pills. You missed the Great Chocolate Massage Event yesterday. https:// twitter.com/JackShmidt2/st atus/895422844338876417 …",negative
"bills on me blue, like a bruise, better yet, blues clues",negative
i just want an okay life with a job that pays my bills im not even asking for much,negative
"Paying bills trash, only reason I pay em is cuz not paying bills even trasher",positive
"Hey, easy to get on food stamps! They've been doing it for generations! But they hate us blue collar workers who pay the bills . We're the fo",positive
"Pretending like I didn't just apply to 8 serving jobs because my real job"" doesn't pay the bills .""",negative
WHAT DO YOU MEAN I GOT HELLA BILLS,negative
"I can't afford this, my family is to gosh dang broke and I'd either use this for money to help pay bills or bring us closer",negative
It's all fun and games until all your bills are due ...,negative
"You need a delete and ignore option , I get my bills in the mail",negative
90 bucks in birthday money in the mail today..... 92 bucks in bills,negative
as soon as my bills are paid tomorrow i'm spending the rest of my paycheck on '@laurasboutique_,positive
basically working to pay the wine bills at this point,positive
Pay your bills !,positive
Paying bills whilst watching one of my favorite actor couples! That Bobby Darin was such a cutie-pie! Swoon! pic.twitter.com/WgfmJWHZ2u,positive
"Oh yes, I feel you on that! I rarely ever have time to actually sit down and draw for myself and improve... But sadly I got work and bills",positive
"If you're consistently late with paying your bills , it's time to take a hard look at your personal spending habits. #keepitreal",negative
Fuck paying bills,negative
"And I pay my mama bills , I ain't got no time to chill.",positive
Personal Finance class playing a game of chance. Learning about saving money and cost of bills .RyanBJackson1 '@webbwillymad '@EricLHughes pic.twitter.com/4uibKskW9o,positive
@yashar new nickname. Gawker Ali. Are you going to send snarky letters to the judge when you cant pay your bills too?,negative
I got to keep it loyal cause loyalty pay my bills -ralo,positive
"bills on me blue like a bruise, better yet, blues clues",negative
"Wish my bank account was never ending like half these people I know, but I got bills & adult shit to pay for so",negative
Oh! Also niggas be acting like they own the rights to they plug phone number. Like boy I'm tryna help him pay bills this month. Stop playin https:// twitter.com/datassque/stat us/890714007736385536 …,positive
Actual shot of me when I add up my grocery bills #groceries #food #budget #money pic.twitter.com/tdD5ZC4mJN,negative
"Apparently, my 6 year old niece is going to get a job in the neighborhood so she can use her own money to pay her bills .",positive
I have an interview somewhere Friday but what SUCKS is I have so many bills to pay and so few moneys to pay them.,negative
"HOA's are out of control, my father wanted a flag pole, he was going to pay the bills , after 3 years he died of cancer and never got flag",negative
"My tuition, my fees, my housing, my food, my books, nor my bills are gonna pay itself so yesss you have to pay me to do your hair.",negative
Too bad it didn't pay the bills bc I was damn good at it '@aleceaaa https:// twitter.com/xokayluhhhh/st atus/845470349089214464 …,negative
"I have to agree with many here who suggest high requirements and barely over minimum wage jobs are most plentiful, but will not pay bills",negative
You try to interfere or end that I'll beat your ass idgaf cause that's money I got for my kids and the bills I gotta pay,negative
"Hi, um, this summer is hot and AC has resulted in really high energy bills , close to $200 a month?",negative
I feel like I'm 16 & I blinked by accident & all of a sudden I'm an adult with bills & more bills ...,negative
HUGE difference in the work ethic of those who work to pay bills compared to those who work for beer money on the weekends,positive
"Nope. No puppy either. Just a couple Netflix discs, bills and some junk. And a tiny spider. Just not my day I guess.",positive
"our generation gonna die at like age 50 because of all the stress we have every day. (college, career, bills we don't even have yet, etc.)",negative
She gotta nigga who pay the bills another who take her all over the world(that's her main) one that buy the bottles etc etc,negative
"Bills , bills , bills ! Con of being an adult",negative
no twenties i need blue on my bills,negative
"Much like my bills , I take care of that on the 1st https:// twitter.com/TheNewErikT93/ status/895440123902345216 …",positive
I know.. electricity bills aint cheap these days,negative
Love paying bills bc I feel super independent but then hate being left w barely any money,positive
LMAO ME AF WHEN I REALIZE IM LATE ON MY BILLS,negative
"With what this job pays, it's such a financial come up. I'm paying of bills and getting out of debt in real time. Financial goals abound!",positive
What if my bills aren't paid tho https:// twitter.com/cameron_773/st atus/894749276315590661 …,negative
"Holy crap! They are in a game! Not real life! No jobs, and bills , his daughter, his temper. Told her he was like that all the time. Idiots",negative
#PersonalFinance tip: refuse to pay medical bills,negative
UR so right unimaginable.i have no health care no vacation in almost 20 YRS can't pay my bills anymore& the people I send 2 fix it vacation https:// twitter.com/GeorgiaDirtRoa d/status/895043572944314370 …,negative
"My dad needs money, I need money, we're both behind on bills , I can't help him, and he can't help me.",negative
"just about smoking weed, drinking til you pass out, paying bills , and leaving this earth. nah you meant for SO MUCH MORE THAN THAT.",positive
"Me '@me for thieving shifts, paying bills , and supporting my relationship financially rather than expecting everything to be paid for me pic.twitter.com/91OKKUr44Q",positive
So my mom and I made a deal that every check I get in the beginning of the month I give her $200 for rent and that check is just for bills,positive
"is it expectable to run away, leave all my bills and responsibilities behind and never come back?",negative
"Y'all I'd rather get cheated on in Cuba than local cause he/she pay my bills & do whatever I ask"" head asses are weird.""",negative
because his mom is sick so he wants to smuggle weed to the US for money to pay for her medical bills,negative
I hope ur phone bills always high and u never make enough money,negative
lol maybe I'll enjoy it when I have a husband who pay bills,negative
